City_ID,City,Lat,Lng,Max Temp,Humidity,Cloudiness,Wind Speed,Country,Date
0,badger,64.8,-147.5333,72.0,33,75,5.75,US,1685051598
1,puerto natales,-51.7236,-72.4875,32.59,91,98,5.48,CL,1685051598
2,yellowknife,62.456,-114.3525,57.72,54,40,9.22,CA,1685051598
3,waitangi,-43.9535,-176.5597,57.81,85,7,4.0,NZ,1685051598
4,roma,43.2128,-75.4557,63.52,47,0,7.0,US,1685051396
5,olonkinbyen,70.9221,-8.7187,30.54,63,42,23.51,SJ,1685051599
6,beau vallon,-20.4189,57.6953,72.21,82,85,15.75,MU,1685051599
7,port moresby,-9.4431,147.1797,74.62,94,100,5.75,PG,1685051525
8,saipan,15.1355,145.701,83.64,100,75,18.41,MP,1685051599
9,bredasdorp,-34.5322,20.0403,49.17,84,62,9.78,ZA,1685051600
10,qingdao,36.0986,120.3719,62.2,100,75,6.71,CN,1685051600
11,howard springs,-12.497,131.047,66.11,67,28,5.06,AU,1685051600
12,bethel,41.3712,-73.414,68.68,47,0,8.99,US,1685051330
13,longyearbyen,78.2186,15.6401,33.64,86,100,19.57,SJ,1685051317
14,nadym,65.5333,72.5167,52.36,53,99,14.52,RU,1685051601
15,ribeira grande,38.5167,-28.7,62.78,82,61,8.99,PT,1685051327
16,petropavlovsk-kamchatsky,53.0452,158.6483,48.79,71,75,4.47,RU,1685051601
17,bilibino,68.0546,166.4372,45.19,54,99,1.92,RU,1685051330
18,blackmans bay,-43.0167,147.3167,44.53,82,64,10.31,AU,1685051601
19,port mathurin,-19.6833,63.4167,77.67,77,11,12.3,MU,1685051602
20,darwin,-12.4611,130.8418,66.18,72,0,8.05,AU,1685051602
21,grytviken,-54.2811,-36.5092,34.41,98,99,6.11,GS,1685051602
22,palikir - national government center,6.9248,158.1611,81.45,89,75,10.36,FM,1685051602
23,fale old settlement,-9.3852,-171.2468,83.23,74,18,11.23,TK,1685051603
24,tiksi,71.6872,128.8694,29.12,83,100,9.15,RU,1685051603
25,thompson,55.7435,-97.8558,55.56,94,100,0.0,CA,1685051603
26,mumbwa,-14.9783,27.0619,60.35,47,0,4.54,ZM,1685051603
27,jipijapa,-1.3333,-80.5833,81.9,83,88,7.78,EC,1685051604
28,albany,42.6001,-73.9662,66.43,41,36,9.37,US,1685051604
29,estevan,49.1334,-102.9842,82.6,42,40,11.5,CA,1685051604
30,punta arenas,-53.15,-70.9167,35.71,75,40,10.36,CL,1685051604
31,adamstown,-25.066,-130.1015,74.1,68,53,6.35,PN,1685051605
32,kiunga,-6.1219,141.2906,71.35,100,100,1.45,PG,1685051605
33,badiyah,22.45,58.8,87.66,51,98,8.08,OM,1685051605
34,laguna,38.421,-121.4238,81.32,50,0,13.8,US,1685051605
35,ushuaia,-54.8,-68.3,35.26,80,40,9.22,AR,1685051606
36,papatowai,-46.5619,169.4708,56.34,66,100,9.53,NZ,1685051606
37,atafu village,-8.5421,-172.5159,83.32,74,33,8.81,TK,1685051606
38,dakhla,23.6848,-15.958,68.02,83,40,4.61,EH,1685051606
39,sengkang,-4.1279,120.0297,73.78,95,96,2.44,ID,1685051606
40,porto empedocle,37.2934,13.5264,64.31,65,100,6.71,IT,1685051607
41,port-aux-francais,-49.35,70.2167,41.59,99,99,18.88,TF,1685051607
42,anadyr,64.75,177.4833,32.5,100,100,6.71,RU,1685051607
43,avarua,-21.2078,-159.775,77.05,88,15,6.91,CK,1685051607
44,azemmour,33.2895,-8.3425,65.79,83,2,8.52,MA,1685051607
45,cabo san lucas,22.8909,-109.9124,91.62,30,75,8.05,MX,1685051608
46,tommot,58.9564,126.2925,46.26,66,65,4.25,RU,1685051608
47,vorgashor,67.5833,63.95,56.39,75,95,10.22,RU,1685051608
48,baijiantan,45.6333,85.1833,65.53,30,43,10.8,CN,1685051608
49,lent'ekhi,42.7856,42.7261,56.89,89,67,6.55,GE,1685051609
50,amga,60.8953,131.9608,46.83,66,64,1.5,RU,1685051609
51,makarov,48.6333,142.8,53.4,72,99,5.55,RU,1685051609
52,new norfolk,-42.7826,147.0587,45.72,73,90,1.99,AU,1685051609
53,vilyuchinsk,52.9306,158.4028,50.27,81,91,4.47,RU,1685051610
54,likiep,9.8251,169.3107,82.54,78,100,20.18,MH,1685051610
55,katsuura,35.1333,140.3,66.38,64,9,9.57,JP,1685051610
56,miramichi,47.0043,-65.4654,46.15,78,97,9.66,CA,1685051610
57,west island,-12.1568,96.8225,80.58,78,40,13.8,CC,1685051611
58,aasiaat,68.7098,-52.8699,31.68,79,2,5.17,GL,1685051611
59,goba,7.0167,39.9833,49.01,92,68,4.18,ET,1685051611
60,nsanje,-16.92,35.262,65.88,87,0,1.72,MW,1685051611
61,hacienda huancane,-15.8222,-70.8856,43.68,45,98,10.42,PE,1685051611
62,kimberley,-28.7323,24.7623,46.35,77,21,19.04,ZA,1685051318
63,chernyshevskiy,63.0128,112.4714,36.37,73,37,10.02,RU,1685051612
64,masterton,-40.9597,175.6575,54.88,75,17,8.1,NZ,1685051612
65,port elizabeth,-33.918,25.5701,55.69,91,40,17.27,ZA,1685051612
66,xiaoweizhai,26.1903,107.5125,69.98,94,95,8.95,CN,1685051612
67,margaret river,-33.95,115.0667,46.54,79,0,7.31,AU,1685051613
68,lebu,-37.6167,-73.65,54.03,85,62,18.95,CL,1685051613
69,san-pedro,4.7485,-6.6363,79.0,89,88,6.04,CI,1685051613
70,plesetsk,62.708,40.2916,52.79,95,83,5.66,RU,1685051613
71,carnarvon,-24.8667,113.6333,66.97,54,100,18.68,AU,1685051613
72,hawaiian paradise park,19.5933,-154.9731,78.73,81,100,8.05,US,1685051614
73,inongo,-1.95,18.2667,75.2,80,87,4.88,CD,1685051614
74,axim,4.8699,-2.2405,80.28,85,47,7.67,GH,1685051614
75,tadmur,34.5608,38.2805,71.37,36,2,7.09,SY,1685051614
76,vernon,50.2581,-119.2691,72.93,53,100,4.0,CA,1685051615
77,kalajoki,64.25,23.95,45.91,72,69,10.27,FI,1685051487
78,jamestown,42.097,-79.2353,63.52,52,0,14.97,US,1685051615
79,belo sur tsiribihina,-19.7,44.55,62.58,80,0,2.33,MG,1685051615
80,bubaque,11.2833,-15.8333,82.06,78,100,14.81,GW,1685051615
81,hafnarfjordur,64.0671,-21.9377,46.27,71,75,17.27,IS,1685051616
82,rio hato,8.3833,-80.1667,83.75,79,40,8.05,PA,1685051616
83,maych'ew,12.7875,39.5422,59.92,77,33,4.07,ET,1685051616
84,howrah,22.5892,88.3103,77.0,83,75,8.05,IN,1685051616
85,illizi,26.4833,8.4667,80.4,13,25,5.1,DZ,1685051616
86,juruti,-2.1522,-56.0922,78.31,89,96,4.74,BR,1685051617
87,garcia,25.8167,-100.5833,85.37,42,62,15.93,MX,1685051617
88,puerto armuelles,8.2833,-82.8667,82.17,82,93,5.41,PA,1685051617
89,iqaluit,63.7506,-68.5145,35.33,74,75,6.91,CA,1685051617
90,sur,22.5667,59.5289,91.78,49,85,16.98,OM,1685051617
91,arkhangel'sk,64.5401,40.5433,48.83,85,48,5.75,RU,1685051618
92,krasnoufimsk,56.6059,57.7669,61.5,59,82,0.98,RU,1685051618
93,tofol,5.3248,163.0078,82.62,78,80,9.53,FM,1685051618
94,hamilton,39.1834,-84.5333,72.45,30,0,13.8,US,1685051328
95,talnakh,69.4865,88.3972,33.21,96,94,7.61,RU,1685051618
96,weno,7.4515,151.8468,83.17,76,91,9.26,FM,1685051619
97,ingeniero jacobacci,-41.3427,-69.5448,44.49,66,41,27.42,AR,1685051619
98,hilo,19.7297,-155.09,78.53,81,100,8.05,US,1685051060
99,tsiombe,-25.3,45.4833,67.06,72,2,11.21,MG,1685051619
100,juneau,58.3019,-134.4197,54.41,97,100,4.61,US,1685051404
101,northam,51.0333,-4.2167,57.61,86,4,3.38,GB,1685051620
102,willowmore,-33.2926,23.4895,46.62,78,100,16.15,ZA,1685051620
103,udachny,66.4167,112.4,34.45,63,100,8.14,RU,1685051620
104,whitehorse,60.7161,-135.0538,60.03,40,100,12.66,CA,1685051620
105,wailua homesteads,22.0669,-159.378,79.59,75,40,17.27,US,1685051620
106,metlili chaamba,32.2667,3.6333,74.34,23,0,5.75,DZ,1685051620
107,qamdo,31.1667,97.2333,36.59,59,6,5.46,CN,1685051621
108,keflavik,64.0049,-22.5624,46.31,81,75,17.27,IS,1685051621
109,utete,-7.986,38.758,69.46,95,3,2.39,TZ,1685051621
110,tucupita,9.0622,-62.051,84.87,68,82,6.58,VE,1685051621
111,zaragoza,41.6561,-0.8773,61.25,67,75,4.61,ES,1685051622
112,igarka,67.4667,86.5833,33.89,95,100,2.46,RU,1685051622
113,benjamin aceval,-24.9667,-57.5667,78.94,62,0,5.55,PY,1685051622
114,detroit lakes,46.8172,-95.8453,79.86,39,0,20.71,US,1685051622
115,kristiansund,63.1115,7.732,44.65,87,100,17.27,NO,1685051622
116,phrai bueng,14.7483,104.3626,80.74,85,51,3.04,TH,1685051623
117,isafjordur,66.0755,-23.124,41.11,70,94,4.43,IS,1685051624
118,susuman,62.7833,148.1667,41.4,55,19,2.62,RU,1685051492
119,klyuchi,52.2667,79.1667,57.15,38,100,9.15,RU,1685051624
120,tonj,7.2737,28.6822,86.36,43,62,3.74,SS,1685051624
121,lemvig,56.5486,8.3102,49.14,77,1,20.33,DK,1685051625
122,jiazi,22.8779,116.067,75.88,94,77,6.78,CN,1685051625
123,bang saphan,11.2126,99.5117,78.51,89,99,5.64,TH,1685051625
124,hermanus,-34.4187,19.2345,46.8,69,31,14.83,ZA,1685051625
125,edinburgh of the seven seas,-37.0676,-12.3116,61.45,82,58,27.36,SH,1685051625
126,emerald,-23.5333,148.1667,62.1,69,2,3.13,AU,1685051562
127,vadso,70.0744,29.7487,47.28,49,0,10.36,NO,1685051626
128,mount isa,-20.7333,139.5,60.57,41,0,9.22,AU,1685051626
129,kuraymah,18.55,31.85,96.98,13,2,9.98,SD,1685051626
130,ambovombe,-25.1667,46.0833,66.52,73,2,12.66,MG,1685051626
131,la'ie,21.6477,-157.9253,84.16,67,85,8.01,US,1685051627
132,kargopol',61.5071,38.9456,50.83,95,53,4.94,RU,1685051627
133,vanimo,-2.6741,141.3028,78.15,89,99,3.09,PG,1685051627
134,saint-girons,42.9167,1.1667,50.25,90,62,5.79,FR,1685051627
135,loukhi,66.0764,33.0381,43.3,63,0,6.93,RU,1685051628
136,macedo de cavaleiros,41.5382,-6.9611,60.39,66,8,16.98,PT,1685051628
137,celestun,20.8667,-90.4,83.34,66,1,11.79,MX,1685051628
138,muriti,-1.9833,32.9167,74.35,71,67,4.27,TZ,1685051628
139,coquimbo,-29.9533,-71.3436,60.53,88,75,8.05,CL,1685051618
140,safotu,-13.4513,-172.4018,82.08,77,4,12.06,WS,1685051629
141,chyorny yar,48.0624,46.1091,70.48,63,98,0.45,RU,1685051629
142,mermoz boabab,14.7065,-17.4758,77.56,83,0,9.22,SN,1685051629
143,inhambane,-23.865,35.3833,71.24,73,16,12.46,MZ,1685051629
144,shalqar,47.8333,59.6,69.53,30,4,8.01,KZ,1685051629
145,enewetak,11.3474,162.3373,82.56,76,97,15.61,MH,1685051630
146,cambria,35.5641,-121.0808,72.34,81,4,8.01,US,1685051630
147,port lincoln,-34.7333,135.8667,54.32,66,98,12.88,AU,1685051630
148,hasaki,35.7333,140.8333,67.21,62,40,11.39,JP,1685051630
149,invercargill,-46.4,168.35,58.06,67,99,13.35,NZ,1685051630
150,severo-yeniseyskiy,60.3725,93.0408,29.61,95,39,4.03,RU,1685051631
151,yushu,44.8,126.5333,61.45,57,56,19.64,CN,1685051631
152,sakakah,29.9697,40.2064,80.17,20,3,18.95,SA,1685051631
153,sheldon,43.1811,-95.8561,81.01,39,40,18.41,US,1685051631
154,mejit,10.2753,170.8646,82.02,79,100,20.22,MH,1685051631
155,vila franca do campo,37.7167,-25.4333,63.01,83,26,7.23,PT,1685051632
156,beni saf,35.301,-1.3823,62.89,74,0,5.88,DZ,1685051632
157,new plymouth,-39.0667,174.0833,60.8,95,89,4.83,NZ,1685051632
158,bel ombre,-4.6167,55.4167,82.24,69,20,6.91,SC,1685051632
159,turinskaya sloboda,57.6232,64.3858,54.43,75,5,6.33,RU,1685051633
160,trinidad,-14.8333,-64.9,89.58,62,20,4.61,BO,1685051633
161,akjoujt,19.6969,-14.4164,79.29,57,97,18.88,MR,1685051633
162,finale ligure,44.1695,8.3436,68.63,77,8,8.63,IT,1685051633
163,stanley,54.868,-1.6985,55.89,78,0,1.14,GB,1685051633
164,tura,25.5198,90.2201,70.12,92,100,3.15,IN,1685051634
165,estrela,-28.0611,-50.9383,57.43,82,0,3.89,BR,1685051634
166,benguela,-12.5763,13.4055,72.21,86,3,2.51,AO,1685051634
167,pangody,65.85,74.4859,45.99,63,100,12.17,RU,1685051634
168,praia da vitoria,38.7333,-27.0667,64.65,82,40,12.1,PT,1685051634
169,bezhetsk,57.7851,36.6965,52.83,88,3,6.26,RU,1685051635
170,lethem,3.3803,-59.7968,84.25,79,20,9.22,GY,1685051635
171,nar'yan-mar,67.6713,53.087,60.8,87,73,17.11,RU,1685051635
172,ilulissat,69.2167,-51.1,35.62,51,0,4.61,GL,1685051635
173,college,64.8569,-147.8028,72.09,34,75,5.75,US,1685051635
174,dudinka,69.4058,86.1778,33.62,94,93,10.33,RU,1685051636
175,coron,11.9986,120.2043,78.03,88,98,2.77,PH,1685051636
176,endasak,-4.4167,35.5167,56.17,98,25,4.23,TZ,1685051636
177,banjarmasin,-3.3244,114.591,77.14,95,89,2.53,ID,1685051636
178,pacific grove,36.6177,-121.9166,62.28,74,100,11.01,US,1685051636
179,mana,5.6592,-53.7767,79.03,90,100,10.09,GF,1685051637
180,lubao,14.9167,120.55,78.51,89,83,3.47,PH,1685051637
181,haiku-pauwela,20.9219,-156.3051,79.16,65,40,16.11,US,1685051637
182,gizo,-8.103,156.8419,80.58,84,99,11.27,SB,1685051637
183,kone,-21.0595,164.8658,72.32,50,0,3.87,NC,1685051637
184,hastings,50.8552,0.5729,52.79,42,34,15.93,GB,1685051638
185,fukuecho,32.6881,128.8419,67.6,88,55,18.43,JP,1685051638
186,ar ruways,24.1103,52.7306,87.19,50,63,5.26,AE,1685051638
187,sinabang,2.4803,96.3801,79.47,84,96,3.65,ID,1685051638
188,lihue,21.9789,-159.3672,80.19,74,40,17.27,US,1685051639
189,pont rouge,48.8833,-72.0825,62.89,36,68,8.3,CA,1685051639
190,quzhou,28.9594,118.8686,69.62,90,100,4.18,CN,1685051639
191,jayapura,-2.5333,140.7,78.19,90,91,4.23,ID,1685051639
192,sitka,57.0531,-135.33,55.29,88,75,3.44,US,1685051639
193,afaahiti,-17.75,-149.2833,84.07,76,30,9.15,PF,1685051640
194,harstad,68.799,16.5293,38.59,99,100,18.01,NO,1685051640
195,conduaga,8.862,117.4893,78.75,86,87,1.14,PH,1685051640
196,nacozari de garcia,30.3742,-109.6908,88.02,9,100,14.79,MX,1685051640
197,kapit,2.0167,112.9333,73.99,94,99,1.28,MY,1685051640
198,acigne,48.1333,-1.537,58.91,72,0,10.36,FR,1685051641
199,papao,-17.75,-149.55,85.68,73,7,7.23,PF,1685051641
200,chonchi,-42.6128,-73.8092,45.61,89,97,2.86,CL,1685051641
201,saint-joseph,-21.3667,55.6167,69.48,84,100,12.44,RE,1685051349
202,saint-pierre,-21.3393,55.4781,70.57,88,100,5.75,RE,1685051394
203,jimma,7.6667,36.8333,59.13,94,74,0.87,ET,1685051642
204,kahramanmaras,38.0,37.0,53.74,79,66,3.94,TR,1685051606
205,lalago,-3.45,33.95,68.83,62,8,8.08,TZ,1685051642
206,princeville,45.7668,-61.2985,44.42,96,100,8.05,CA,1685051642
207,brisas de zicatela,15.8369,-97.0419,88.11,64,28,7.09,MX,1685051642
208,masjed soleyman,31.9364,49.3039,87.76,34,100,0.63,IR,1685051643
209,nova sintra,14.8667,-24.7167,69.58,82,96,12.84,CV,1685051643
210,ipilan,8.8431,117.9033,79.36,79,90,1.39,PH,1685051643
211,shindand,33.3029,62.1474,71.73,17,36,11.48,AF,1685051643
212,saint john,45.2727,-66.0677,54.63,71,100,11.5,CA,1685051643
213,inarajan village,13.2736,144.7484,81.63,89,100,15.61,GU,1685051644
214,lakatoro,-16.0999,167.4164,77.43,56,45,9.95,VU,1685051644
215,san antonio de pale,-1.4014,5.6325,79.32,87,99,15.77,GQ,1685051644
216,nyurba,63.2842,118.3319,40.19,69,69,8.63,RU,1685051644
217,uturoa,-16.7333,-151.4333,81.19,77,35,12.01,PF,1685051645
218,vilyuysk,63.7553,121.6247,39.83,66,13,8.66,RU,1685051645
219,zemio,5.0314,25.1361,73.85,71,74,4.05,CF,1685051645
220,mirnyy,62.5353,113.9611,39.24,69,99,18.01,RU,1685051627
221,pisco,-13.7,-76.2167,73.45,73,100,6.91,PE,1685051646
222,port augusta,-32.5,137.7667,51.17,69,80,8.16,AU,1685051646
223,shimoda,34.6667,138.95,69.1,66,51,2.8,JP,1685051646
224,ardabil,38.2498,48.2933,58.55,94,100,4.61,IR,1685051646
225,ust-nera,64.5667,143.2,39.42,61,35,4.5,RU,1685051647
226,noumea,-22.2763,166.4572,72.0,99,72,8.84,NC,1685051647
227,talara,-4.5772,-81.2719,83.16,69,0,18.41,PE,1685051647
228,nouadhibou,20.931,-17.0347,66.18,88,20,18.41,MR,1685051647
229,lovington,32.944,-103.3485,82.33,50,90,8.01,US,1685051647
230,panacan,9.2463,118.4082,79.86,80,75,1.97,PH,1685051648
231,port douglas,-16.4833,145.4667,71.91,80,77,5.32,AU,1685051648
232,qaqortoq,60.7167,-46.0333,33.39,100,100,1.36,GL,1685051648
233,margate,51.3813,1.3862,52.3,75,17,8.99,GB,1685051386
234,arrifes,37.7667,-25.7,61.05,77,20,11.5,PT,1685051648
235,puerto ayora,-0.7393,-90.3518,89.56,88,37,8.01,EC,1685051649
236,port saint john's,-31.6229,29.5448,69.13,75,76,3.6,ZA,1685051649
237,kingston,17.997,-76.7936,89.2,69,20,8.05,JM,1685051424
238,lagunas,-5.2269,-75.6753,79.38,91,43,1.12,PE,1685051649
239,zhezqazghan,47.7833,67.7667,62.74,36,1,8.1,KZ,1685051649
240,rybinsk,58.0446,38.8426,53.19,95,79,4.85,RU,1685051650
241,kapuskasing,49.4169,-82.4331,66.29,25,75,2.3,CA,1685051650
242,sittwe,20.15,92.9,82.71,78,55,4.38,MM,1685051650
243,borger,52.9233,6.7931,49.8,83,0,7.31,NL,1685051650
244,alamos,27.0167,-108.9333,95.76,10,78,9.93,MX,1685051650
245,tarakan,3.3,117.6333,74.7,94,40,5.75,ID,1685051651
246,utrik,11.2278,169.8474,82.27,80,100,19.17,MH,1685051651
247,eastham,41.8301,-69.9739,63.59,59,1,8.01,US,1685051651
248,itaituba,-4.2761,-55.9836,91.56,58,40,5.75,BR,1685051651
249,barra do garcas,-15.89,-52.2567,84.78,61,20,3.44,BR,1685051651
250,ravar,31.2656,56.8055,80.22,32,75,8.77,IR,1685051652
251,lamu,-2.2717,40.902,79.02,79,56,12.24,KE,1685051652
252,aban,56.67,96.06,37.13,76,54,4.14,RU,1685051652
253,ola,59.5833,151.2833,44.15,91,99,1.48,RU,1685051652
254,luganville,-15.5333,167.1667,78.17,63,64,9.33,VU,1685051652
255,kirensk,57.7853,108.1119,37.17,96,100,3.47,RU,1685051653
256,tolanaro,-25.0319,46.9987,64.47,82,75,4.61,MG,1685051653
257,kapa'a,22.0752,-159.319,80.92,75,40,17.27,US,1685051653
258,kodiak,57.79,-152.4072,47.71,71,100,3.44,US,1685051653
259,holualoa,19.6228,-155.9522,78.78,78,75,12.66,US,1685051653
260,sinop,41.7711,34.8709,55.04,89,98,3.65,TR,1685051654
261,kavaratti,10.5669,72.642,84.83,70,3,8.68,IN,1685051654
262,mar del plata,-38.0023,-57.5575,65.08,99,100,6.91,AR,1685051638
263,armacao de buzios,-22.7469,-41.8817,75.25,86,0,11.88,BR,1685051405
264,aykhal,66.0,111.5,29.5,86,100,5.39,RU,1685051654
265,tari,12.4086,4.4914,95.0,35,24,13.73,NG,1685051655
266,huarmey,-10.0681,-78.1522,74.28,73,56,10.89,PE,1685051655
267,backa topola,45.8152,19.6318,61.63,91,73,6.73,RS,1685051655
268,murzuq,25.9155,13.9184,80.15,14,75,8.1,LY,1685051655
269,vedaraniyam,10.3667,79.85,84.2,84,9,16.13,IN,1685051655
270,punta del este,-34.9667,-54.95,70.88,85,0,4.61,UY,1685051656
271,port alfred,-33.5906,26.891,55.18,90,78,7.0,ZA,1685051656
272,geraldton,-28.7667,114.6,54.01,62,7,5.75,AU,1685051656
273,gusinoozyorsk,51.2833,106.5,39.63,62,97,8.63,RU,1685051656
274,georgetown,5.4112,100.3354,80.55,86,20,2.3,MY,1685051657
275,fujin,47.26,132.0322,61.25,64,100,13.56,CN,1685051657
276,sibiti,-3.6819,13.3499,69.31,98,100,1.32,CG,1685051657
277,kafr takharim,36.1168,36.5153,63.28,83,0,3.69,SY,1685051657
278,isangel,-19.55,169.2667,73.51,94,20,0.0,VU,1685051658
279,palangkaraya,-2.2,113.8333,73.74,97,100,1.57,ID,1685051658
280,gambela,8.25,34.5833,70.75,93,100,5.99,ET,1685051658
281,tchibanga,-2.85,11.0333,72.66,98,88,1.16,GA,1685051658
282,rio grande,-32.035,-52.0986,71.71,80,1,8.52,BR,1685051659
283,nakamura,32.9833,132.9333,64.83,80,78,3.65,JP,1685051659
284,yuzhno-kurilsk,44.0306,145.8556,54.55,67,0,6.69,RU,1685051659
285,pitimbu,-7.4706,-34.8086,81.19,79,82,12.1,BR,1685051659
286,ad dawadimi,24.5077,44.3924,83.55,28,6,8.86,SA,1685051659
287,conception bay south,47.4999,-52.9981,42.55,90,100,12.41,CA,1685051625
288,buala,-8.145,159.5921,77.4,90,100,7.07,SB,1685051660
289,ugurludag,40.4463,34.4526,55.44,79,65,4.18,TR,1685051660
290,fort bragg,35.139,-79.006,74.75,60,75,16.11,US,1685051660
291,nieuw amsterdam,5.8833,-55.0833,78.03,88,40,6.91,SR,1685051660
292,mondlo,-27.983,30.7177,57.4,51,0,6.4,ZA,1685051661
293,namibe,-15.1961,12.1522,68.25,74,0,9.78,AO,1685051661
294,cide,41.8921,33.0044,59.65,91,50,1.1,TR,1685051661
295,suva,-18.1416,178.4415,71.08,94,75,8.05,FJ,1685051569
296,annaberg-buchholz,50.5795,13.0063,51.69,87,3,1.99,DE,1685051661
297,yangshuo,24.7808,110.4897,73.33,97,72,2.08,CN,1685051662
298,guerrero negro,27.9769,-114.0611,66.36,58,100,19.13,MX,1685051662
299,puerto madero,14.7208,-92.4215,87.76,66,46,10.83,MX,1685051662
300,gorazde,43.6669,18.9764,56.07,98,25,2.26,BA,1685051662
301,yima,34.7381,111.8839,64.02,75,100,0.81,CN,1685051662
302,broome,42.2506,-75.833,63.66,44,0,10.36,US,1685051662
303,alaghsas,17.0187,8.0168,94.8,18,11,3.06,NE,1685051663
304,crane,31.3974,-102.3501,85.93,44,51,15.01,US,1685051663
305,benjamin constant,-4.3831,-70.0311,86.13,74,40,3.44,BR,1685051663
306,wanning,18.8003,110.3967,79.92,90,86,4.7,CN,1685051663
307,lorengau,-2.0226,147.2712,79.75,81,100,3.33,PG,1685051664
308,birobidzhan,48.8,132.95,60.71,72,100,7.4,RU,1685051527
309,richmond,37.5538,-77.4603,70.0,60,75,9.22,US,1685051069
310,jambi city,-1.6,103.6167,73.76,99,80,2.98,ID,1685051664
311,casablanca,33.5928,-7.6192,66.42,80,2,5.59,MA,1685051501
312,tateyama,34.9833,139.8667,66.43,63,17,8.63,JP,1685051665
313,alofi,-19.0595,-169.9187,71.24,70,100,17.56,NU,1685051665
314,haldia,22.0605,88.1097,81.61,84,10,4.59,IN,1685051665
315,south hedland,-20.4089,118.5983,66.13,26,16,12.66,AU,1685051665
316,an nuhud,12.7,28.4333,90.97,20,91,1.14,SD,1685051449
317,long beach,33.767,-118.1892,71.31,71,100,12.66,US,1685051359
318,marquette,46.5333,-87.6335,69.26,41,7,4.0,US,1685051666
319,lata,40.1629,-8.3327,57.34,92,4,2.91,PT,1685051666
320,constantia,44.1833,28.65,61.7,88,59,6.69,RO,1685051402
321,puerto baquerizo moreno,-0.9,-89.6,79.03,76,44,11.72,EC,1685051666
322,gore,-46.1028,168.9436,53.17,77,100,4.5,NZ,1685051666
323,shingu,33.7333,135.9833,64.85,83,100,5.91,JP,1685051667
324,eyl,7.9803,49.8164,82.99,72,50,14.16,SO,1685051667
325,hammerfest,70.6634,23.6821,43.25,56,75,19.57,NO,1685051667
326,collie,-33.3667,116.15,40.62,92,0,4.18,AU,1685051667
327,corbelia,-24.7989,-53.3067,72.75,84,0,6.51,BR,1685051667
328,vorkuta,67.5,64.0,57.83,73,98,10.8,RU,1685051668
329,hwange,-18.3693,26.5019,65.7,47,0,1.28,ZW,1685051668
330,keelung,25.1283,121.7419,81.05,89,42,3.85,TW,1685051668
331,posto fiscal rolim de moura,-13.0833,-62.2667,81.66,69,99,1.36,BR,1685051668
332,usogorsk,63.4106,48.6872,60.42,96,84,4.74,RU,1685051668
333,belomorsk,64.5232,34.7668,48.76,69,100,6.06,RU,1685051669
334,monticello,45.3055,-93.7941,78.84,29,0,13.8,US,1685051331
335,carazinho,-28.2839,-52.7864,71.04,66,0,7.14,BR,1685051669
336,tutoia,-2.7619,-42.2744,79.75,83,84,8.12,BR,1685051669
337,saynshand,44.8824,110.1163,47.46,63,72,10.09,MN,1685051669
338,khovd,48.0056,91.6419,42.13,83,100,3.62,MN,1685051670
339,kingscliff,-28.2667,153.5667,62.76,77,14,9.22,AU,1685051670
340,kenai,60.5544,-151.2583,48.29,90,100,14.97,US,1685051670
341,winkler,49.1817,-97.941,88.57,25,6,17.27,CA,1685051448
342,anqiu,36.4342,119.1925,62.64,83,72,5.14,CN,1685051671
343,arauco,-37.2463,-73.3175,53.69,88,70,12.86,CL,1685051671
344,kudahuvadhoo,2.6708,72.8944,83.07,71,25,7.47,MV,1685051671
345,egilsstadir,65.2653,-14.3948,49.91,37,0,17.27,IS,1685051671
346,tromso,69.6496,18.957,39.22,75,75,24.16,NO,1685051671
347,mutuali,-14.8706,37.0044,60.64,83,0,3.27,MZ,1685051672
348,ballycastle,55.2044,-6.243,52.54,81,33,7.92,GB,1685051672
349,inirida,3.8653,-67.9239,73.24,99,100,1.21,CO,1685051672
350,hit,33.6416,42.8251,78.35,49,88,11.79,IQ,1685051672
351,chui,-33.6971,-53.4616,68.56,74,55,6.29,UY,1685051673
352,chibougamau,49.9168,-74.3659,58.62,26,0,9.22,CA,1685051673
353,kyakhta,50.3508,106.4494,36.48,72,8,3.6,RU,1685051673
354,obudu,6.6674,9.1716,76.82,89,100,4.41,NG,1685051673
355,ancud,-41.8697,-73.8203,45.25,80,97,10.67,CL,1685051673
356,usinsk,65.9939,57.5281,62.28,72,16,18.03,RU,1685051674
357,glenwood springs,39.5505,-107.3248,79.72,26,75,4.61,US,1685051436
358,odder,55.9731,10.153,47.23,79,0,16.96,DK,1685051674
359,tabou,4.423,-7.3528,79.59,87,100,7.11,CI,1685051674
360,guiyang,26.5833,106.7167,73.89,73,100,11.18,CN,1685051674
361,kalinkavichy,52.1323,29.3257,57.54,69,24,1.45,BY,1685051675
362,lompoc,34.6391,-120.4579,74.01,69,40,11.5,US,1685051675
363,sao joao da barra,-21.6403,-41.0511,69.89,85,0,7.47,BR,1685051675
364,balikpapan,-1.2675,116.8289,79.79,94,20,3.44,ID,1685051675
365,sydney,-33.8679,151.2073,60.39,54,0,6.91,AU,1685051398
366,takoradi,4.8845,-1.7554,80.64,85,52,8.23,GH,1685051676
367,kostomuksha,64.571,30.5767,40.69,72,3,6.71,RU,1685051676
368,cottage grove,44.8277,-92.9438,77.23,30,0,10.36,US,1685051435
369,ciudad lazaro cardenas,17.9583,-102.2,86.83,62,13,11.86,MX,1685051417
370,mathis,28.0945,-97.828,93.47,58,71,7.63,US,1685051677
371,puerto carreno,6.189,-67.4859,80.58,83,75,6.91,CO,1685051677
372,tazacorte,28.629,-17.9293,67.17,79,75,5.75,ES,1685051677
373,mount pearl,47.5166,-52.7813,41.95,90,100,10.36,CA,1685051143
374,topchikha,52.8192,83.1185,42.21,55,5,9.04,RU,1685051677
375,magistral'nyy,56.1725,107.4458,35.71,92,71,3.96,RU,1685051678
376,tadine,-21.55,167.8833,72.19,64,3,11.65,NC,1685051678
377,st. john's,47.5649,-52.7093,42.78,92,100,9.22,CA,1685051608
378,ostersund,63.1792,14.6357,41.61,38,40,28.99,SE,1685051678
379,maua,-23.6678,-46.4614,71.06,87,46,4.21,BR,1685051678
380,tual,-5.6667,132.75,81.1,69,59,17.52,ID,1685051679
381,gadzhiyevo,69.2551,33.3362,47.01,57,5,10.49,RU,1685051679
382,keokuk,40.3973,-91.3849,77.52,23,0,12.66,US,1685051679
383,morant bay,17.8815,-76.4093,87.42,68,0,6.17,JM,1685051679
384,saldus,56.6636,22.4881,44.71,92,1,3.91,LV,1685051679
385,champerico,14.3,-91.9167,93.74,65,40,12.75,GT,1685051680
386,old town,50.087,14.4202,56.91,68,0,6.91,CZ,1685051680
387,las terrenas,19.311,-69.5428,87.42,70,75,4.61,DO,1685051680
388,kayangel,8.0823,134.7173,84.72,77,100,18.95,PW,1685051680
389,trincomalee,8.5711,81.2335,81.9,80,7,18.14,LK,1685051680
390,kulhudhuffushi,6.6221,73.07,83.28,75,49,10.36,MV,1685051573
391,saudarkrokur,65.7461,-19.6394,43.07,65,77,6.73,IS,1685051681
392,kitami,43.8031,143.8908,58.12,56,0,4.5,JP,1685051681
393,guskhara,23.5,87.75,79.9,65,5,2.3,IN,1685051681
394,okhotsk,59.3833,143.3,36.43,86,100,2.3,RU,1685051682
395,zheleznogorsk,52.331,35.3711,57.79,88,96,4.97,RU,1685051682
396,neryungri,56.6709,124.6491,42.21,66,100,9.89,RU,1685051682
397,la passe,45.5549,-0.8967,62.83,76,0,19.22,FR,1685051682
398,greenville,35.6127,-77.3663,68.16,83,100,6.91,US,1685051682
399,westport,41.1415,-73.3579,69.28,43,20,12.66,US,1685051683
400,cidreira,-30.1811,-50.2056,68.79,86,5,9.69,BR,1685051683
401,bandarbeyla,9.4942,50.8122,82.38,80,18,17.25,SO,1685051683
402,fort-shevchenko,44.5086,50.263,75.72,43,52,14.79,KZ,1685051683
403,fisterra,42.9049,-9.2629,63.01,73,0,23.11,ES,1685051683
404,al kharijah,25.4514,30.5464,86.29,11,13,9.78,EG,1685051684
405,isoka,-10.1606,32.6335,56.98,82,2,1.39,ZM,1685051684
406,barreiro do jaiba,-15.6167,-43.6,75.04,54,39,11.65,BR,1685051684
407,nogliki,51.8333,143.1667,39.06,89,100,3.09,RU,1685051684
408,sola,-13.8833,167.55,79.45,64,100,17.96,VU,1685051685
409,tazovsky,67.4667,78.7,38.14,86,100,10.36,RU,1685051685
410,dellys,36.9172,3.9131,63.82,88,27,0.87,DZ,1685051685
411,rohatyn,49.409,24.6093,55.04,91,26,5.14,UA,1685051685
412,phitsanulok,16.9167,100.5,79.77,64,89,0.13,TH,1685051686
413,mahina,-17.5065,-149.489,85.77,62,20,2.3,PF,1685051686
414,awjilah,29.1081,21.2869,82.69,24,89,15.64,LY,1685051686
415,east london,-33.0153,27.9116,62.31,81,99,23.8,ZA,1685051686
416,panaba,21.2833,-88.2667,87.94,47,0,15.59,MX,1685051686
417,alice springs,-23.7,133.8833,49.55,71,75,13.94,AU,1685051687
418,queenstown,-31.8976,26.8753,50.52,69,67,19.62,ZA,1685051687
419,verkh-neyvinskiy,57.2701,60.1376,58.39,68,34,1.86,RU,1685051687
420,cedeira,43.6797,-8.0209,58.39,83,8,24.25,ES,1685051687
421,barreirinhas,-2.7469,-42.8264,76.78,92,41,5.86,BR,1685051687
422,simanggang,1.2472,111.4528,76.98,100,100,2.3,MY,1685051688
423,bhadra,29.1167,75.1667,82.27,58,73,9.82,IN,1685051688
424,surskoye,54.4821,46.7214,66.67,61,96,4.56,RU,1685051688
425,tagab,34.855,69.6492,62.26,30,0,7.36,AF,1685051688
426,rongelap,11.1635,166.8941,82.24,78,100,19.6,MH,1685051688
427,fiambala,-27.6871,-67.6149,68.79,28,20,2.26,AR,1685051689
428,minas de marcona,-15.2119,-75.1103,63.18,72,14,12.01,PE,1685051689
429,kangding,30.0513,101.9603,50.79,93,68,3.13,CN,1685051689
430,grand-lahou,5.1367,-5.0242,80.08,88,99,8.14,CI,1685051689
431,mirpur sakro,24.5474,67.6277,82.4,87,90,23.94,PK,1685051689
432,tacoronte,28.4769,-16.4102,61.16,84,20,5.99,ES,1685051690
433,picos,-7.0769,-41.4669,81.9,53,21,8.1,BR,1685051690
434,kupang,-10.1667,123.5833,75.78,83,20,9.22,ID,1685051690
435,babu,24.4167,111.5167,74.8,97,48,3.83,CN,1685051690
436,senador jose porfirio,-2.5908,-51.9542,79.68,81,99,3.44,BR,1685051690
437,kitimat,54.0524,-128.6534,75.69,48,42,7.0,CA,1685051691
438,ballina,-28.8667,153.5667,63.79,70,97,8.08,AU,1685051397
439,cherepovets,59.1333,37.9,52.23,86,24,5.75,RU,1685051691
440,portland,45.5234,-122.6762,83.16,40,20,12.66,US,1685051352
441,pangkalanbuun,-2.6833,111.6167,74.08,99,97,1.74,ID,1685051691
442,fortuna,40.5982,-124.1573,56.66,87,20,17.27,US,1685051677
443,kununurra,-15.7667,128.7333,53.58,82,3,0.0,AU,1685051692
444,borgetto,38.0471,13.1435,65.37,85,20,10.36,IT,1685051692
445,coahuayana de hidalgo,18.7,-103.6583,89.74,51,96,7.85,MX,1685051692
446,hongjiang,27.11,109.9956,72.45,96,99,2.71,CN,1685051692
447,pierre,44.3683,-100.351,86.27,35,20,20.71,US,1685051473
448,alta,69.9689,23.2717,42.06,56,0,9.22,NO,1685051693
449,serang,-6.1149,106.1502,77.9,84,55,1.52,ID,1685051693
450,thunder bay,48.4001,-89.3168,62.51,23,40,12.66,CA,1685051620
451,unai,-16.3575,-46.9061,71.85,48,1,3.38,BR,1685051693
452,varshets,43.1953,23.2861,58.19,84,81,3.33,BG,1685051694
453,kittila,67.6647,24.8936,42.94,52,0,5.75,FI,1685051694
454,malango,-2.9627,119.9001,66.56,98,94,1.7,ID,1685051694
455,t'ongch'on-up,38.9539,127.8917,59.47,79,40,6.62,KP,1685051694
456,lautoka,-17.6167,177.4667,75.06,78,40,5.75,FJ,1685051694
457,saint-philippe,-21.3585,55.7679,67.59,86,100,12.08,RE,1685051695
458,miri,4.4148,114.0089,77.14,94,20,2.3,MY,1685051695
459,soran,49.78,72.8506,52.29,74,93,3.67,KZ,1685051695
460,tinajo,29.0788,-13.7081,67.08,68,20,8.05,ES,1685051695
461,ngama,11.7833,17.1667,93.18,32,82,1.63,TD,1685051696
462,peniche,39.3558,-9.3811,64.29,93,2,8.9,PT,1685051696
463,hobyo,5.3505,48.5268,82.33,76,25,15.59,SO,1685051696
464,dno,57.8277,29.9637,54.46,90,63,6.24,RU,1685051696
465,ramnagar,29.4,79.1167,71.08,79,25,4.54,IN,1685051697
466,san patricio,28.017,-97.5169,89.55,55,77,11.72,US,1685051697
467,yemva,62.59,50.8594,62.73,80,73,9.4,RU,1685051697
468,bermejo,-32.8833,-68.8,67.91,60,40,2.3,AR,1685051697
469,krasnoural'sk,58.3638,60.0407,58.96,65,30,1.95,RU,1685051698
470,plastun,44.7561,136.2939,56.01,65,100,4.47,RU,1685051698
471,akureyri,65.6835,-18.0878,46.33,57,75,2.3,IS,1685051611
472,orapa,-21.2833,25.3667,69.35,28,56,5.55,BW,1685051698
473,nago,26.5881,127.9761,72.45,72,36,8.86,JP,1685051698
474,nizhneudinsk,54.9076,99.0276,36.59,70,92,4.41,RU,1685051698
475,lazaro cardenas,17.9583,-102.2,86.83,62,13,11.86,MX,1685051699
476,brezina,33.0989,1.2608,68.99,31,8,4.21,DZ,1685051699
477,anori,-3.7728,-61.6442,80.42,81,100,2.91,BR,1685051699
478,bourg-saint-maurice,45.6172,6.769,54.66,90,24,5.75,FR,1685051700
479,finspang,58.7058,15.7674,53.11,52,14,7.7,SE,1685051700
480,nicoya,10.1483,-85.452,83.91,70,100,1.81,CR,1685051700
481,funafuti,-8.5243,179.1942,82.4,94,75,2.3,TV,1685051700
482,bundibugyo,0.7414,30.0417,68.05,90,40,2.77,UG,1685051700
483,at taj,24.2049,23.2857,86.65,12,98,5.19,LY,1685051701
484,karratha,-20.7377,116.8463,66.58,25,11,18.1,AU,1685051701
485,hornostayivka,47.0078,33.729,66.24,79,91,4.65,UA,1685051701
486,acarau,-2.8856,-40.12,78.96,84,48,9.17,BR,1685051701
487,nanping,26.645,118.1736,72.34,97,100,3.0,CN,1685051701
488,kukuna,9.4,-12.6667,75.24,96,100,2.46,SL,1685051702
489,rocha,-34.4833,-54.3333,69.58,64,99,6.78,UY,1685051702
490,aitape,-3.1374,142.3475,79.65,85,89,1.97,PG,1685051702
491,salavan,15.7167,106.4167,72.12,89,41,2.55,LA,1685051703
492,abepura,-2.6333,140.5833,77.81,83,20,2.3,ID,1685051703
493,chebarkul',54.9749,60.3633,67.55,49,61,2.64,RU,1685051703
494,ghat,24.9647,10.1728,85.1,12,94,3.13,LY,1685051703
495,abdulino,53.7,53.6667,64.58,51,16,3.96,RU,1685051704
496,tagta,41.6504,59.9164,67.95,34,0,6.91,TM,1685051704
497,yashkul',46.1711,45.3435,75.99,60,99,2.89,RU,1685051704
498,iwanai,42.9744,140.5089,63.18,50,15,5.66,JP,1685051704
499,cockburn town,21.4612,-71.1419,81.72,74,14,3.02,TC,1685051704
500,yinchuan,38.4681,106.2731,64.6,18,100,7.34,CN,1685051705
501,kasane,-17.8167,25.15,63.57,38,0,6.2,BW,1685051705
502,mandalgovi,45.7625,106.2708,42.87,62,79,4.76,MN,1685051705
503,zouerate,22.7187,-12.4521,74.44,64,100,10.69,MR,1685051706
504,el tigre,8.8875,-64.2454,88.27,48,95,6.78,VE,1685051706
505,shymkent,42.3,69.6,63.19,27,0,6.71,KZ,1685051706
506,sen monorom,12.45,107.2,69.13,92,70,3.83,KH,1685051706
507,toamasina,-18.1667,49.3833,69.8,88,40,6.91,MG,1685051707
508,barentu,15.1139,37.5928,85.21,32,5,1.19,ER,1685051707
509,concordia,-31.393,-58.0209,75.27,74,0,4.61,AR,1685051707
510,dawei,14.0833,98.2,78.4,85,90,2.15,MM,1685051707
511,dunedin,-45.8742,170.5036,61.81,43,100,11.01,NZ,1685051708
512,sampit,-2.5333,112.95,74.25,99,99,2.26,ID,1685051605
513,selfoss,63.9331,-20.9971,45.05,76,100,12.68,IS,1685051708
514,karachev,53.1229,34.9852,55.83,88,78,3.76,RU,1685051708
515,tongliao,43.6125,122.2653,61.79,48,25,6.55,CN,1685051708
516,ouani,-12.1322,44.4258,77.74,70,1,9.04,KM,1685051709
517,arawa,-6.2132,155.5367,82.18,74,100,2.37,PG,1685051709
518,colonia,50.9333,6.95,55.94,76,0,2.3,DE,1685051650
519,madang,-5.2246,145.7966,75.0,87,100,3.91,PG,1685051709
520,arno,60.1167,18.6333,48.78,61,84,14.32,SE,1685051709
521,kolosovka,56.4678,73.611,43.84,69,3,7.61,RU,1685051710
522,hami,42.8,93.45,69.96,21,100,9.98,CN,1685051710
523,san juan de miraflores,-12.1629,-76.9635,75.16,68,71,9.66,PE,1685051710
524,st ives,50.2086,-5.4875,57.52,89,24,9.91,GB,1685051710
525,sitia,35.2,26.0986,66.97,75,36,3.96,GR,1685051711
526,yelizovo,53.1873,158.3805,50.14,71,75,4.47,RU,1685051711
527,whakatane,-37.9585,176.9854,54.77,74,5,2.28,NZ,1685051711
528,colby,39.3958,-101.0524,71.01,79,75,19.57,US,1685051515
529,sarmiento,-45.5882,-69.07,41.79,41,0,24.27,AR,1685051711
530,hadibu,12.65,54.0333,84.54,71,1,5.82,YE,1685051712
531,xinqing,48.2333,129.5,53.92,80,100,7.7,CN,1685051712
532,khandyga,62.6667,135.6,46.17,71,85,0.83,RU,1685051712
533,jabat,7.75,168.9751,82.76,77,100,16.71,MH,1685051712
534,puerto aysen,-45.4,-72.7,41.04,81,75,0.0,CL,1685051712
535,dana point,33.467,-117.6981,73.6,72,24,11.01,US,1685051713
536,bengkulu,-3.8004,102.2655,77.9,86,70,4.38,ID,1685051713
537,pursat,12.3333,103.6667,76.82,77,24,2.66,KH,1685051713
538,kirakira,-10.4544,161.9205,77.95,89,100,6.42,SB,1685051713
539,champoton,19.35,-90.7167,84.27,60,1,10.92,MX,1685051713
540,washington,47.5001,-120.5015,73.94,32,8,4.25,US,1685051195
541,woodfin,35.6334,-82.5821,76.89,46,30,1.99,US,1685051714
542,nadi,-17.8,177.4167,75.2,78,40,5.75,FJ,1685051714
543,ammon,43.4696,-111.9666,71.65,55,0,5.75,US,1685051714
544,santana,-0.0583,-51.1817,82.58,94,40,3.44,BR,1685051715
545,narva,59.3772,28.1903,46.92,96,13,4.34,EE,1685051715
546,kerikeri,-35.2268,173.9474,57.9,96,15,1.7,NZ,1685051715
547,dalandzadgad,43.5708,104.425,48.33,50,7,3.98,MN,1685051715
548,arteche,12.2645,125.4048,78.82,87,96,5.93,PH,1685051715
549,the pas,53.8251,-101.2541,57.22,94,100,4.61,CA,1685051716
550,taperoa,-7.2075,-36.8267,73.0,83,78,15.64,BR,1685051716
551,busselton,-33.65,115.3333,47.08,81,0,8.34,AU,1685051716
552,banda aceh,5.5577,95.3222,80.69,79,95,10.49,ID,1685051716
553,fort mcmurray,56.7268,-111.381,65.79,48,100,4.61,CA,1685051716
554,west torrington,41.8184,-73.1437,67.75,45,8,7.0,US,1685051717
555,loango,-4.6719,11.8312,78.46,89,75,8.05,CG,1685051717
556,castillos,-34.1667,-53.8333,69.58,69,64,7.2,UY,1685051717
557,cobija,-11.0267,-68.7692,86.18,70,20,3.44,BO,1685051717
558,kruisfontein,-34.0033,24.7314,52.88,83,100,22.35,ZA,1685051717
559,onega,63.9061,38.1404,46.69,92,75,9.04,RU,1685051718
560,ilukste,55.9775,26.2966,53.17,96,78,4.43,LV,1685051718
561,tarawa,1.419,172.984,84.29,74,75,10.36,KI,1685051718
562,hithadhoo,-0.6,73.0833,83.55,68,26,10.25,MV,1685051718
563,mazamari,-11.3258,-74.5308,78.62,80,64,1.3,PE,1685051718
564,ternate,0.8,127.4,80.58,83,93,9.19,ID,1685051719
565,shimabara,32.7833,130.3667,68.11,75,34,4.03,JP,1685051719
566,bodaybo,57.8506,114.1933,39.13,98,100,2.17,RU,1685051719
567,tra vinh,9.9347,106.3453,78.46,87,94,3.98,VN,1685051719
568,mount gambier,-37.8333,140.7667,50.85,61,99,9.13,AU,1685051719
569,winchester,51.0651,-1.3187,57.97,67,0,5.75,GB,1685051720
570,manokwari,-0.8667,134.0833,80.13,75,100,2.95,ID,1685051720
571,velez rubio,37.6484,-2.0769,55.15,84,84,5.5,ES,1685051720
572,buka,40.8108,69.1986,66.0,33,100,6.89,UZ,1685051720
